{
  "db_name": "PostgreSQL",
  "query": "\n        INSERT INTO posts (thread_id, bump_timestamp, name, subject, message, filename, thumbname, time)\n        VALUES ($1, $2, $3, $4, $5, $6, $7, $8)\n        ",
  "describe": {
    "columns": [],
    "parameters": {
      "Left": [
        "Int8",
        "Int8",
        "Varchar",
        "Varchar",
        "Text",
        "Varchar",
        "Varchar",
        "Varchar"
      ]
    },
    "nullable": []
  },
  "hash": "84ff008fe42fe60394f7428c2cb5289987c7ec235b8894b03f88b608a2672d07"
}
