{
  "db_name": "PostgreSQL",
  "query": "\n        INSERT INTO posts (thread_id, bump_timestamp, name, subject, message, filename, thumbname, time)\n        VALUES ($1, $2, $3, $4, $5, $6, $7, $8)\n        RETURNING id\n        ",
  "describe": {
    "columns": [
      {
        "ordinal": 0,
        "name": "id",
        "type_info": "Int4"
      }
    ],
    "parameters": {
      "Left": [
        "Int8",
        "Int8",
        "Varchar",
        "Varchar",
        "Text",
        "Varchar",
        "Varchar",
        "Varchar"
      ]
    },
    "nullable": [
      false
    ]
  },
  "hash": "aea107ab5bff61e47ceaa4ef2efaf1828599c1597b09d7740f6f00de26f1b682"
}
