{
  "db_name": "PostgreSQL",
  "query": "\n        SELECT id, thread_id, bump_timestamp, name, subject, message, filename, thumbname, time\n        FROM posts\n        ",
  "describe": {
    "columns": [
      {
        "ordinal": 0,
        "name": "id",
        "type_info": "Int4"
      },
      {
        "ordinal": 1,
        "name": "thread_id",
        "type_info": "Int8"
      },
      {
        "ordinal": 2,
        "name": "bump_timestamp",
        "type_info": "Int8"
      },
      {
        "ordinal": 3,
        "name": "name",
        "type_info": "Varchar"
      },
      {
        "ordinal": 4,
        "name": "subject",
        "type_info": "Varchar"
      },
      {
        "ordinal": 5,
        "name": "message",
        "type_info": "Text"
      },
      {
        "ordinal": 6,
        "name": "filename",
        "type_info": "Varchar"
      },
      {
        "ordinal": 7,
        "name": "thumbname",
        "type_info": "Varchar"
      },
      {
        "ordinal": 8,
        "name": "time",
        "type_info": "Varchar"
      }
    ],
    "parameters": {
      "Left": []
    },
    "nullable": [
      false,
      false,
      false,
      false,
      true,
      true,
      true,
      true,
      false
    ]
  },
  "hash": "6b11d23241eb28fb37306420d8ebf1d13a8e9fc4c4397bf7be8bbfcefd4ba105"
}
