{
  "db_name": "PostgreSQL",
  "query": "\n        SELECT id, thread_id, bump_timestamp, name, subject, message, filename, thumbname, time\n        FROM posts\n        WHERE thread_id = $1\n        ORDER BY id\n        ",
  "describe": {
    "columns": [
      {
        "ordinal": 0,
        "name": "id",
        "type_info": "Int4"
      },
      {
        "ordinal": 1,
        "name": "thread_id",
        "type_info": "Int8"
      },
      {
        "ordinal": 2,
        "name": "bump_timestamp",
        "type_info": "Int8"
      },
      {
        "ordinal": 3,
        "name": "name",
        "type_info": "Varchar"
      },
      {
        "ordinal": 4,
        "name": "subject",
        "type_info": "Varchar"
      },
      {
        "ordinal": 5,
        "name": "message",
        "type_info": "Text"
      },
      {
        "ordinal": 6,
        "name": "filename",
        "type_info": "Varchar"
      },
      {
        "ordinal": 7,
        "name": "thumbname",
        "type_info": "Varchar"
      },
      {
        "ordinal": 8,
        "name": "time",
        "type_info": "Varchar"
      }
    ],
    "parameters": {
      "Left": [
        "Int8"
      ]
    },
    "nullable": [
      false,
      false,
      false,
      false,
      true,
      true,
      true,
      true,
      false
    ]
  },
  "hash": "614715f13b84e0cc481a777c7b5e607f272e98172d3c59814fc20d19d880a321"
}
